counter,date,cumulative_id
model_version,2022-11-04,1
model_version,2023-04-19,50001
model_version,2023-06-20,100001
model_version,2023-08-28,150001
model_version,2023-10-26,200071
model_version,2023-12-04,250022
model_version,2024-01-15,300043
model_version,2024-02-18,350008
model_version,2024-03-19,400036
model_version,2024-04-16,450015
model_version,2024-05-11,500029
model_version,2024-06-04,550001
model_version,2024-06-26,600036
model_version,2024-07-16,650001
model_version,2024-08-06,700043
model_version,2024-08-21,750001
model_version,2024-09-02,800008
model_version,2024-09-16,850050
model_version,2024-09-28,900001
model_version,2024-10-13,950036
model_version,2024-10-27,1000015
model_version,2024-11-11,1050036
model_version,2024-11-25,1100001
model_version,2024-12-10,1150001
model_version,2024-12-24,1200001
model_version,2025-01-06,1250008
model_version,2025-01-18,1300008
model_version,2025-01-30,1350015
model_version,2025-02-11,1400036
model_version,2025-02-23,1450008
model_version,2025-03-06,1500092
model_version,2025-03-18,1550001
model_version,2025-03-30,1600008
model_version,2025-04-11,1650015
model_version,2025-04-23,1700036
model_version,2025-05-05,1750001
model_version,2025-05-17,1800029
model_version,2025-05-30,1850022
model_version,2025-06-13,1900001
model_version,2025-06-27,1950001
model_version,2025-07-12,2000036
model_version,2025-07-26,2050022
model_version,2025-08-10,2100029
model_version,2025-08-26,2150001
model_version,2025-09-10,2200008
model_version,2025-09-25,2250029
model_version,2025-10-10,2300015
model_version,2025-10-26,2350015
model_version,2025-11-12,2400001
model_version,2025-11-29,2450008
model_version,2025-12-13,2500008
model_version,2025-12-30,2550050
model_version,2026-01-15,2600022
model_version,2026-02-01,2650001
model_version,2026-02-18,2700015
model_version,2026-03-06,2750015
model_version,2026-03-24,2800043
model_version,2026-04-11,2850001
model_version,2026-04-28,2900001
model_version,2026-05-16,2950001
model_version,2026-05-16,2950014
model_version,2026-05-26,2980021
model_version,2026-06-02,3000000
model_version,2026-06-10,3020056
model_version,2026-09-24,3355700
image,2023-04-19,537646
image,2023-08-28,2239093
image,2023-10-26,3184552
image,2023-12-04,4189975
image,2024-01-21,5570710
image,2024-02-18,6807244
image,2024-03-19,8206091
image,2024-04-16,10008781
image,2024-05-11,12166308
image,2024-06-04,14569305
image,2024-07-16,20124977
image,2024-09-03,27468539
image,2024-09-16,29630520
image,2024-09-28,31814089
image,2024-10-13,34309461
image,2024-10-27,36858708
image,2024-11-11,39516654
image,2024-11-25,42088438
image,2024-12-11,44870492
image,2024-12-24,47433297
image,2025-01-18,52424064
image,2025-02-11,57144548
image,2025-02-23,59530570
image,2025-03-07,62036226
image,2025-03-19,64332626
image,2025-03-30,66856942
image,2025-04-13,69824307
image,2025-04-23,71892379
image,2025-05-05,74369330
image,2025-05-18,76925848
image,2025-05-30,79454426
image,2025-06-13,82146512
image,2025-06-27,84910700
image,2025-07-12,87729367
image,2025-07-26,90622591
image,2025-08-10,93506978
image,2025-08-26,96567890
image,2025-09-10,99411219
image,2025-09-25,102301688
image,2025-10-10,105280414
image,2025-10-26,107722921
image,2025-11-12,109930981
image,2025-11-29,111973531
image,2025-12-13,113707953
image,2025-12-30,115728908
image,2026-01-15,117569147
image,2026-02-01,119576694
image,2026-03-06,123380101
image,2026-03-21,124854526
image,2026-03-24,125258224
image,2026-04-11,127163422
image,2026-05-16,130890440
image,2026-05-27,131943532
image,2026-06-04,132720252
image,2026-06-10,133365213
image,2026-07-21,137404700
image,2026-09-25,143738949
