company,date,close_usd
SNDK,2025-02-13,36
SNDK,2025-02-21,50.37
SNDK,2025-02-28,46.85
SNDK,2025-03-07,51
SNDK,2025-03-14,54.82
SNDK,2025-03-21,53.96
SNDK,2025-03-28,48.97
SNDK,2025-04-04,30.11
SNDK,2025-04-11,31.97
SNDK,2025-04-21,29.81
SNDK,2025-04-28,32.27
SNDK,2025-05-05,34.61
SNDK,2025-05-12,41.27
SNDK,2025-05-19,38.78
SNDK,2025-05-27,38.18
SNDK,2025-06-03,38.64
SNDK,2025-06-10,41.59
SNDK,2025-06-17,44.09
SNDK,2025-06-25,47.25
SNDK,2025-07-02,46.21
SNDK,2025-07-10,46.95
SNDK,2025-07-17,41.52
SNDK,2025-07-24,42.06
SNDK,2025-07-31,42.92
SNDK,2025-08-07,40.69
SNDK,2025-08-14,46.68
SNDK,2025-08-21,45.5
SNDK,2025-08-28,50.87
SNDK,2025-09-05,68.55
SNDK,2025-09-12,86.13
SNDK,2025-09-19,102.21
SNDK,2025-09-26,97.12
SNDK,2025-10-03,128.41
SNDK,2025-10-10,116.91
SNDK,2025-10-17,140.16
SNDK,2025-10-24,186.16
SNDK,2025-10-31,199.33
SNDK,2025-11-07,239.48
SNDK,2025-11-14,254.16
SNDK,2025-11-21,200.27
SNDK,2025-12-01,210.17
SNDK,2025-12-08,225.47
SNDK,2025-12-15,201.87
SNDK,2025-12-22,241.05
SNDK,2025-12-30,240.22
SNDK,2026-01-07,353.56
SNDK,2026-01-14,387.81
SNDK,2026-01-22,503.44
SNDK,2026-01-29,539.3
SNDK,2026-02-05,576.2
SNDK,2026-02-12,630.29
SNDK,2026-02-20,649.97
SNDK,2026-02-27,635.36
SNDK,2026-03-06,527.33
SNDK,2026-03-13,661.62
SNDK,2026-03-20,709.71
SNDK,2026-03-27,615.83
SNDK,2026-04-06,724.63
SNDK,2026-04-13,952.5
SNDK,2026-04-20,913.02
SNDK,2026-04-27,1070.2
SNDK,2026-05-04,1255.86
SNDK,2026-05-11,1547.56
SNDK,2026-05-18,1333.01
SNDK,2026-05-26,1589.55
SNDK,2026-06-02,1716.36
SNDK,2026-06-09,1646.54
SNDK,2026-06-16,1991.55
SNDK,2026-06-24,1914.46
SNDK,2026-07-01,2032.22
SNDK,2026-07-09,1858.27
SNDK,2026-07-16,1411.08
SNDK,2026-07-23,1610.33
SNDK,2026-07-30,1279.96
SNDK,2026-08-06,1258.58
SNDK,2026-08-13,1528.11
SNDK,2026-08-20,1600.62
SNDK,2026-08-27,1484.95
SNDK,2026-09-03,1554.99
SNDK,2026-09-11,1633.35
SNDK,2026-09-18,1791.82
SNDK,2026-09-23,1816.57
STX,2023-01-03,51.88
STX,2023-01-10,56.46
STX,2023-01-18,58.71
STX,2023-01-25,62.25
STX,2023-02-01,70.49
STX,2023-02-08,71.08
STX,2023-02-15,71.97
STX,2023-02-23,67.08
STX,2023-03-02,64.86
STX,2023-03-09,63.25
STX,2023-03-16,61.2
STX,2023-03-23,61.6
STX,2023-03-30,64.98
STX,2023-04-06,64.4
STX,2023-04-14,63.96
STX,2023-04-21,56.42
STX,2023-04-28,58.77
STX,2023-05-05,55.94
STX,2023-05-12,57.57
STX,2023-05-19,62.26
STX,2023-05-26,62.29
STX,2023-06-05,60.86
STX,2023-06-12,63.41
STX,2023-06-20,62.58
STX,2023-06-27,62.11
STX,2023-07-05,60.82
STX,2023-07-12,61.62
STX,2023-07-19,59.86
STX,2023-07-26,57.97
STX,2023-08-02,65.01
STX,2023-08-09,66.86
STX,2023-08-16,64.19
STX,2023-08-23,66.16
STX,2023-08-30,68.17
STX,2023-09-07,63.44
STX,2023-09-14,64.25
STX,2023-09-21,65.45
STX,2023-09-28,65.69
STX,2023-10-05,66.62
STX,2023-10-12,69.35
STX,2023-10-19,66.87
STX,2023-10-26,65.84
STX,2023-11-02,71.81
STX,2023-11-09,72
STX,2023-11-16,75.59
STX,2023-11-24,76.08
STX,2023-12-01,79.18
STX,2023-12-08,80.59
STX,2023-12-15,84.28
STX,2023-12-22,85.16
STX,2024-01-02,82.69
STX,2024-01-09,80.11
STX,2024-01-17,83.33
STX,2024-01-24,89.17
STX,2024-01-31,85.68
STX,2024-02-07,86.76
STX,2024-02-14,86.81
STX,2024-02-22,88.02
STX,2024-02-29,93.05
STX,2024-03-07,93.81
STX,2024-03-14,85.76
STX,2024-03-21,88.45
STX,2024-03-28,93.05
STX,2024-04-05,89.99
STX,2024-04-12,85.19
STX,2024-04-19,82.46
STX,2024-04-26,86.04
STX,2024-05-03,87.5
STX,2024-05-10,94.01
STX,2024-05-17,95.27
STX,2024-05-24,94.19
STX,2024-06-03,91.33
STX,2024-06-10,99.52
STX,2024-06-17,105.98
STX,2024-06-25,103.74
STX,2024-07-02,103.13
STX,2024-07-10,106.73
STX,2024-07-17,104.91
STX,2024-07-24,109.53
STX,2024-07-31,102.17
STX,2024-08-07,92.1
STX,2024-08-14,97.06
STX,2024-08-21,104.44
STX,2024-08-28,99.25
STX,2024-09-05,100.81
STX,2024-09-12,100.62
STX,2024-09-19,104.12
STX,2024-09-26,110.76
STX,2024-10-03,108.8
STX,2024-10-10,108.12
STX,2024-10-17,112.45
STX,2024-10-24,103.98
STX,2024-10-31,100.37
STX,2024-11-07,105.11
STX,2024-11-14,97.46
STX,2024-11-21,99.92
STX,2024-11-29,101.33
STX,2024-12-06,98.51
STX,2024-12-13,95.75
STX,2024-12-20,87.31
STX,2024-12-30,86.53
STX,2025-01-07,89.6
STX,2025-01-15,94.34
STX,2025-01-23,108.42
STX,2025-01-30,98.28
STX,2025-02-06,96.54
STX,2025-02-13,101.48
STX,2025-02-21,100.85
STX,2025-02-28,101.91
STX,2025-03-07,88
STX,2025-03-14,87.9
STX,2025-03-21,88.27
STX,2025-03-28,84.92
STX,2025-04-04,66.73
STX,2025-04-11,70.15
STX,2025-04-21,73.93
STX,2025-04-28,82.16
STX,2025-05-05,93.58
STX,2025-05-12,101.95
STX,2025-05-19,109.04
STX,2025-05-27,117.05
STX,2025-06-03,123.23
STX,2025-06-10,127.99
STX,2025-06-17,130.87
STX,2025-06-25,138.54
STX,2025-07-02,151.94
STX,2025-07-10,144.5
STX,2025-07-17,146.72
STX,2025-07-24,152.73
STX,2025-07-31,157.01
STX,2025-08-07,148.1
STX,2025-08-14,155.73
STX,2025-08-21,154.6
STX,2025-08-28,172.38
STX,2025-09-05,188.16
STX,2025-09-12,195.99
STX,2025-09-19,221.23
STX,2025-09-26,217.51
STX,2025-10-03,252.79
STX,2025-10-10,214.38
STX,2025-10-17,225.4
STX,2025-10-24,234.12
STX,2025-10-31,255.88
STX,2025-11-07,279.35
STX,2025-11-14,258.21
STX,2025-11-21,237.49
STX,2025-12-01,270.1
STX,2025-12-08,285.41
STX,2025-12-15,285.58
STX,2025-12-22,282.85
STX,2025-12-30,280.08
STX,2026-01-07,308.26
STX,2026-01-14,312.28
STX,2026-01-22,346.53
STX,2026-01-29,446.57
STX,2026-02-05,405.45
STX,2026-02-12,431.17
STX,2026-02-20,411.11
STX,2026-02-27,407.84
STX,2026-03-06,352.8
STX,2026-03-13,383.71
STX,2026-03-20,411.23
STX,2026-03-27,380.07
STX,2026-04-06,453.3
STX,2026-04-13,513.28
STX,2026-04-20,539.75
STX,2026-04-27,595.86
STX,2026-05-04,738.54
STX,2026-05-11,834.01
STX,2026-05-18,740.84
STX,2026-05-26,845.76
STX,2026-06-02,926.61
STX,2026-06-09,846.01
STX,2026-06-16,1031.34
STX,2026-06-24,993.25
STX,2026-07-01,915.19
STX,2026-07-09,890.09
STX,2026-07-16,745.49
STX,2026-07-23,913.36
STX,2026-07-30,851.68
STX,2026-08-06,852.95
STX,2026-08-13,921.37
STX,2026-08-20,850.24
STX,2026-08-27,847.2
STX,2026-09-03,798.61
STX,2026-09-11,830.17
STX,2026-09-18,858.79
STX,2026-09-23,923.86
WDC,2023-01-03,24.0518
WDC,2023-01-10,29.2282
WDC,2023-01-18,28.6922
WDC,2023-01-25,31.6326
WDC,2023-02-01,33.1718
WDC,2023-02-08,32.7276
WDC,2023-02-15,33.4398
WDC,2023-02-23,30.4687
WDC,2023-03-02,29.389
WDC,2023-03-09,28.3782
WDC,2023-03-16,27.0612
WDC,2023-03-23,27.0076
WDC,2023-03-30,28.5467
WDC,2023-04-06,26.9157
WDC,2023-04-14,27.1531
WDC,2023-04-21,25.6063
WDC,2023-04-28,26.372
WDC,2023-05-05,25.6139
WDC,2023-05-12,25.2923
WDC,2023-05-19,29.3431
WDC,2023-05-26,30.4074
WDC,2023-06-05,29.8638
WDC,2023-06-12,30.8669
WDC,2023-06-20,29.9557
WDC,2023-06-27,29.2588
WDC,2023-07-05,28.8377
WDC,2023-07-12,29.4196
WDC,2023-07-19,29.8102
WDC,2023-07-26,29.7719
WDC,2023-08-02,32.4826
WDC,2023-08-09,32.6051
WDC,2023-08-16,30.9511
WDC,2023-08-23,31.4335
WDC,2023-08-30,32.5592
WDC,2023-09-07,33.256
WDC,2023-09-14,33.4551
WDC,2023-09-21,34.0294
WDC,2023-09-28,35.0708
WDC,2023-10-05,35.3082
WDC,2023-10-12,34.9329
WDC,2023-10-19,32.9727
WDC,2023-10-26,29.2971
WDC,2023-11-02,32.2835
WDC,2023-11-09,33.8303
WDC,2023-11-16,35.2316
WDC,2023-11-24,35.6834
WDC,2023-12-01,37.054
WDC,2023-12-08,36.6482
WDC,2023-12-15,38.8076
WDC,2023-12-22,40.3237
WDC,2024-01-02,38.9454
WDC,2024-01-09,37.8504
WDC,2024-01-17,40.0634
WDC,2024-01-24,44.4358
WDC,2024-01-31,43.8385
WDC,2024-02-07,44.3668
WDC,2024-02-14,42.9426
WDC,2024-02-22,42.6516
WDC,2024-02-29,45.5384
WDC,2024-03-07,49.2216
WDC,2024-03-14,46.5568
WDC,2024-03-21,48.8081
WDC,2024-03-28,52.2539
WDC,2024-04-05,55.9831
WDC,2024-04-12,55.1752
WDC,2024-04-19,50.577
WDC,2024-04-26,54.643
WDC,2024-05-03,54.3291
WDC,2024-05-10,54.8268
WDC,2024-05-17,55.2097
WDC,2024-05-24,57.2848
WDC,2024-06-03,57.415
WDC,2024-06-10,59.0384
WDC,2024-06-17,61.1518
WDC,2024-06-25,58.8546
WDC,2024-07-02,59.7658
WDC,2024-07-10,61.4428
WDC,2024-07-17,54.9723
WDC,2024-07-24,55.1408
WDC,2024-07-31,51.3427
WDC,2024-08-07,43.0727
WDC,2024-08-14,47.1005
WDC,2024-08-21,49.7959
WDC,2024-08-28,47.805
WDC,2024-09-05,47.9428
WDC,2024-09-12,48.4329
WDC,2024-09-19,50.5157
WDC,2024-09-26,53.9539
WDC,2024-10-03,50.9828
WDC,2024-10-10,49.0455
WDC,2024-10-17,51.5724
WDC,2024-10-24,50.7837
WDC,2024-10-31,50.0103
WDC,2024-11-07,53.9386
WDC,2024-11-14,48.4099
WDC,2024-11-21,50.4468
WDC,2024-11-29,55.8912
WDC,2024-12-06,54.421
WDC,2024-12-13,49.8648
WDC,2024-12-20,46.128
WDC,2024-12-30,45.6533
WDC,2025-01-07,49.6734
WDC,2025-01-15,49.4896
WDC,2025-01-23,52.5909
WDC,2025-01-30,50.3702
WDC,2025-02-06,49.3748
WDC,2025-02-13,51.7332
WDC,2025-02-21,52.61
WDC,2025-02-28,48.93
WDC,2025-03-07,41.7
WDC,2025-03-14,44.53
WDC,2025-03-21,43.66
WDC,2025-03-28,40.62
WDC,2025-04-04,30.54
WDC,2025-04-11,34.4
WDC,2025-04-21,35.96
WDC,2025-04-28,40.91
WDC,2025-05-05,45.03
WDC,2025-05-12,46.57
WDC,2025-05-19,50.72
WDC,2025-05-27,51.82
WDC,2025-06-03,53.77
WDC,2025-06-10,55.95
WDC,2025-06-17,58.57
WDC,2025-06-25,62.55
WDC,2025-07-02,65.78
WDC,2025-07-10,65.06
WDC,2025-07-17,67.02
WDC,2025-07-24,69.02
WDC,2025-07-31,78.69
WDC,2025-08-07,74.44
WDC,2025-08-14,76.24
WDC,2025-08-21,74.66
WDC,2025-08-28,82.04
WDC,2025-09-05,92.04
WDC,2025-09-12,97.66
WDC,2025-09-19,106.63
WDC,2025-09-26,106.88
WDC,2025-10-03,131.31
WDC,2025-10-10,115.42
WDC,2025-10-17,126.2
WDC,2025-10-24,129.43
WDC,2025-10-31,150.21
WDC,2025-11-07,162.955
WDC,2025-11-14,157.83
WDC,2025-11-21,139.19
WDC,2025-12-01,163.54
WDC,2025-12-08,169.78
WDC,2025-12-15,172.04
WDC,2025-12-22,176.76
WDC,2025-12-30,176.06
WDC,2026-01-07,199.88
WDC,2026-01-14,215
WDC,2026-01-22,243.29
WDC,2026-01-29,278.41
WDC,2026-02-05,260.19
WDC,2026-02-12,284.1
WDC,2026-02-20,285.52
WDC,2026-02-27,279.7
WDC,2026-03-06,245.25
WDC,2026-03-13,272.29
WDC,2026-03-20,293.1
WDC,2026-03-27,275.34
WDC,2026-04-06,304.15
WDC,2026-04-13,350.16
WDC,2026-04-20,374.11
WDC,2026-04-27,400.73
WDC,2026-05-04,442.36
WDC,2026-05-11,515.83
WDC,2026-05-18,458.68
WDC,2026-05-26,524.65
WDC,2026-06-02,563.1
WDC,2026-06-09,517.72
WDC,2026-06-16,681.08
WDC,2026-06-24,643.83
WDC,2026-07-01,598.37
WDC,2026-07-09,578.05
WDC,2026-07-16,466.81
WDC,2026-07-23,558.3
WDC,2026-07-30,533.04
WDC,2026-08-06,451.52
WDC,2026-08-13,487.29
WDC,2026-08-20,469.05
WDC,2026-08-27,462
WDC,2026-09-03,441.57
WDC,2026-09-11,447.18
WDC,2026-09-18,441.36
WDC,2026-09-23,473.69
